{"nodes": [{"id": "#SustainableLiving"}, {"id": "#Photography"}, {"id": "#DigitalArt"}, {"id": "#TechInnovation"}, {"id": "#TravelDiaries"}, {"id": "#FitnessGoals"}, {"id": "#BookLovers"}, {"id": "#MentalHealth"}, {"id": "#FoodieLife"}, {"id": "#StartupLife"}], "links": [{"source": "#DigitalArt", "target": "#TechInnovation", "value": 1}, {"source": "#Photography", "target": "#SustainableLiving", "value": 1}, {"source": "#FoodieLife", "target": "#Photography", "value": 1}, {"source": "#DigitalArt", "target": "#MentalHealth", "value": 1}, {"source": "#MentalHealth", "target": "#TechInnovation", "value": 1}, {"source": "#FoodieLife", "target": "#SustainableLiving", "value": 1}]}