[{"hashtag": "#DigitalArt", "date": "2024-04-25", "count": 4, "prev_count": 1, "trend_score": 300.0}, {"hashtag": "#MentalHealth", "date": "2024-05-01", "count": 4, "prev_count": 1, "trend_score": 300.0}, {"hashtag": "#TravelDiaries", "date": "2024-03-29", "count": 3, "prev_count": 1, "trend_score": 200.0}, {"hashtag": "#FitnessGoals", "date": "2024-01-30", "count": 3, "prev_count": 1, "trend_score": 200.0}, {"hashtag": "#MentalHealth", "date": "2024-05-16", "count": 3, "prev_count": 1, "trend_score": 200.0}, {"hashtag": "#FitnessGoals", "date": "2024-05-07", "count": 3, "prev_count": 1, "trend_score": 200.0}, {"hashtag": "#TechInnovation", "date": "2024-03-05", "count": 3, "prev_count": 1, "trend_score": 200.0}, {"hashtag": "#StartupLife", "date": "2024-02-13", "count": 3, "prev_count": 1, "trend_score": 200.0}, {"hashtag": "#TechInnovation", "date": "2024-03-09", "count": 3, "prev_count": 1, "trend_score": 200.0}, {"hashtag": "#TechInnovation", "date": "2024-05-14", "count": 3, "prev_count": 1, "trend_score": 200.0}, {"hashtag": "#BookLovers", "date": "2024-01-12", "count": 2, "prev_count": 1, "trend_score": 100.0}, {"hashtag": "#FitnessGoals", "date": "2024-01-11", "count": 2, "prev_count": 1, "trend_score": 100.0}, {"hashtag": "#BookLovers", "date": "2024-03-05", "count": 2, "prev_count": 1, "trend_score": 100.0}, {"hashtag": "#DigitalArt", "date": "2024-01-13", "count": 2, "prev_count": 1, "trend_score": 100.0}, {"hashtag": "#BookLovers", "date": "2024-05-14", "count": 2, "prev_count": 1, "trend_score": 100.0}, {"hashtag": "#FitnessGoals", "date": "2024-02-12", "count": 2, "prev_count": 1, "trend_score": 100.0}, {"hashtag": "#Photography", "date": "2024-01-24", "count": 2, "prev_count": 1, "trend_score": 100.0}, {"hashtag": "#DigitalArt", "date": "2024-02-17", "count": 2, "prev_count": 1, "trend_score": 100.0}, {"hashtag": "#Photography", "date": "2024-03-06", "count": 2, "prev_count": 1, "trend_score": 100.0}, {"hashtag": "#FitnessGoals", "date": "2024-03-09", "count": 2, "prev_count": 1, "trend_score": 100.0}, {"hashtag": "#Photography", "date": "2024-03-31", "count": 2, "prev_count": 1, "trend_score": 100.0}, {"hashtag": "#DigitalArt", "date": "2024-04-16", "count": 2, "prev_count": 1, "trend_score": 100.0}, {"hashtag": "#Photography", "date": "2024-04-29", "count": 2, "prev_count": 1, "trend_score": 100.0}, {"hashtag": "#FitnessGoals", "date": "2024-03-17", "count": 2, "prev_count": 1, "trend_score": 100.0}, {"hashtag": "#Photography", "date": "2024-05-15", "count": 2, "prev_count": 1, "trend_score": 100.0}, {"hashtag": "#DigitalArt", "date": "2024-04-22", "count": 2, "prev_count": 1, "trend_score": 100.0}, {"hashtag": "#TravelDiaries", "date": "2024-01-17", "count": 2, "prev_count": 1, "trend_score": 100.0}, {"hashtag": "#FitnessGoals", "date": "2024-03-19", "count": 2, "prev_count": 1, "trend_score": 100.0}, {"hashtag": "#TravelDiaries", "date": "2024-02-13", "count": 2, "prev_count": 1, "trend_score": 100.0}, {"hashtag": "#DigitalArt", "date": "2024-05-05", "count": 2, "prev_count": 1, "trend_score": 100.0}, {"hashtag": "#TravelDiaries", "date": "2024-02-29", "count": 2, "prev_count": 1, "trend_score": 100.0}, {"hashtag": "#FitnessGoals", "date": "2024-04-06", "count": 2, "prev_count": 1, "trend_score": 100.0}, {"hashtag": "#TravelDiaries", "date": "2024-03-07", "count": 2, "prev_count": 1, "trend_score": 100.0}, {"hashtag": "#DigitalArt", "date": "2024-05-09", "count": 2, "prev_count": 1, "trend_score": 100.0}, {"hashtag": "#TravelDiaries", "date": "2024-03-11", "count": 2, "prev_count": 1, "trend_score": 100.0}, {"hashtag": "#FitnessGoals", "date": "2024-04-25", "count": 2, "prev_count": 1, "trend_score": 100.0}, {"hashtag": "#TravelDiaries", "date": "2024-04-15", "count": 2, "prev_count": 1, "trend_score": 100.0}, {"hashtag": "#FoodieLife", "date": "2024-01-09", "count": 2, "prev_count": 1, "trend_score": 100.0}, {"hashtag": "#TravelDiaries", "date": "2024-04-22", "count": 2, "prev_count": 1, "trend_score": 100.0}, {"hashtag": "#StartupLife", "date": "2024-01-22", "count": 2, "prev_count": 1, "trend_score": 100.0}, {"hashtag": "#FoodieLife", "date": "2024-01-15", "count": 2, "prev_count": 1, "trend_score": 100.0}, {"hashtag": "#StartupLife", "date": "2024-01-25", "count": 2, "prev_count": 1, "trend_score": 100.0}, {"hashtag": "#FoodieLife", "date": "2024-02-01", "count": 2, "prev_count": 1, "trend_score": 100.0}, {"hashtag": "#StartupLife", "date": "2024-01-31", "count": 2, "prev_count": 1, "trend_score": 100.0}, {"hashtag": "#FoodieLife", "date": "2024-03-14", "count": 2, "prev_count": 1, "trend_score": 100.0}, {"hashtag": "#StartupLife", "date": "2024-02-18", "count": 2, "prev_count": 1, "trend_score": 100.0}, {"hashtag": "#FoodieLife", "date": "2024-03-28", "count": 2, "prev_count": 1, "trend_score": 100.0}, {"hashtag": "#StartupLife", "date": "2024-03-06", "count": 2, "prev_count": 1, "trend_score": 100.0}, {"hashtag": "#FoodieLife", "date": "2024-04-10", "count": 2, "prev_count": 1, "trend_score": 100.0}, {"hashtag": "#StartupLife", "date": "2024-03-21", "count": 2, "prev_count": 1, "trend_score": 100.0}, {"hashtag": "#FoodieLife", "date": "2024-04-17", "count": 2, "prev_count": 1, "trend_score": 100.0}, {"hashtag": "#StartupLife", "date": "2024-04-07", "count": 2, "prev_count": 1, "trend_score": 100.0}, {"hashtag": "#FoodieLife", "date": "2024-04-23", "count": 2, "prev_count": 1, "trend_score": 100.0}, {"hashtag": "#StartupLife", "date": "2024-04-25", "count": 2, "prev_count": 1, "trend_score": 100.0}, {"hashtag": "#FoodieLife", "date": "2024-05-07", "count": 2, "prev_count": 1, "trend_score": 100.0}, {"hashtag": "#StartupLife", "date": "2024-05-01", "count": 2, "prev_count": 1, "trend_score": 100.0}, {"hashtag": "#MentalHealth", "date": "2024-01-16", "count": 2, "prev_count": 1, "trend_score": 100.0}, {"hashtag": "#StartupLife", "date": "2024-05-04", "count": 2, "prev_count": 1, "trend_score": 100.0}, {"hashtag": "#MentalHealth", "date": "2024-02-17", "count": 2, "prev_count": 1, "trend_score": 100.0}, {"hashtag": "#StartupLife", "date": "2024-05-13", "count": 2, "prev_count": 1, "trend_score": 100.0}, {"hashtag": "#MentalHealth", "date": "2024-02-28", "count": 2, "prev_count": 1, "trend_score": 100.0}, {"hashtag": "#MentalHealth", "date": "2024-03-12", "count": 2, "prev_count": 1, "trend_score": 100.0}, {"hashtag": "#MentalHealth", "date": "2024-03-28", "count": 2, "prev_count": 1, "trend_score": 100.0}, {"hashtag": "#MentalHealth", "date": "2024-04-07", "count": 2, "prev_count": 1, "trend_score": 100.0}, {"hashtag": "#SustainableLiving", "date": "2024-01-04", "count": 2, "prev_count": 1, "trend_score": 100.0}, {"hashtag": "#SustainableLiving", "date": "2024-01-09", "count": 2, "prev_count": 1, "trend_score": 100.0}, {"hashtag": "#SustainableLiving", "date": "2024-03-07", "count": 2, "prev_count": 1, "trend_score": 100.0}, {"hashtag": "#SustainableLiving", "date": "2024-03-14", "count": 2, "prev_count": 1, "trend_score": 100.0}, {"hashtag": "#SustainableLiving", "date": "2024-04-06", "count": 2, "prev_count": 1, "trend_score": 100.0}, {"hashtag": "#SustainableLiving", "date": "2024-05-12", "count": 2, "prev_count": 1, "trend_score": 100.0}, {"hashtag": "#TechInnovation", "date": "2024-01-07", "count": 2, "prev_count": 1, "trend_score": 100.0}, {"hashtag": "#TechInnovation", "date": "2024-02-08", "count": 2, "prev_count": 1, "trend_score": 100.0}, {"hashtag": "#TechInnovation", "date": "2024-02-27", "count": 2, "prev_count": 1, "trend_score": 100.0}, {"hashtag": "#TechInnovation", "date": "2024-03-31", "count": 2, "prev_count": 1, "trend_score": 100.0}, {"hashtag": "#TechInnovation", "date": "2024-04-09", "count": 2, "prev_count": 1, "trend_score": 100.0}, {"hashtag": "#TechInnovation", "date": "2024-04-20", "count": 2, "prev_count": 1, "trend_score": 100.0}, {"hashtag": "#TechInnovation", "date": "2024-04-23", "count": 2, "prev_count": 1, "trend_score": 100.0}, {"hashtag": "#TechInnovation", "date": "2024-04-29", "count": 2, "prev_count": 1, "trend_score": 100.0}, {"hashtag": "#TechInnovation", "date": "2024-05-05", "count": 2, "prev_count": 1, "trend_score": 100.0}, {"hashtag": "#StartupLife", "date": "2024-05-15", "count": 3, "prev_count": 2, "trend_score": 50.0}, {"hashtag": "#TechInnovation", "date": "2024-03-01", "count": 3, "prev_count": 2, "trend_score": 50.0}, {"hashtag": "#BookLovers", "date": "2024-01-01", "count": 1, "prev_count": null, "trend_score": 0.0}, {"hashtag": "#FitnessGoals", "date": "2024-01-01", "count": 1, "prev_count": null, "trend_score": 0.0}, {"hashtag": "#BookLovers", "date": "2024-01-03", "count": 1, "prev_count": 1, "trend_score": 0.0}, {"hashtag": "#DigitalArt", "date": "2024-01-04", "count": 1, "prev_count": null, "trend_score": 0.0}, {"hashtag": "#BookLovers", "date": "2024-01-05", "count": 1, "prev_count": 1, "trend_score": 0.0}, {"hashtag": "#FitnessGoals", "date": "2024-01-06", "count": 1, "prev_count": 1, "trend_score": 0.0}, {"hashtag": "#BookLovers", "date": "2024-01-07", "count": 1, "prev_count": 1, "trend_score": 0.0}, {"hashtag": "#DigitalArt", "date": "2024-01-10", "count": 1, "prev_count": 1, "trend_score": 0.0}, {"hashtag": "#BookLovers", "date": "2024-01-09", "count": 1, "prev_count": 1, "trend_score": 0.0}, {"hashtag": "#FitnessGoals", "date": "2024-01-08", "count": 1, "prev_count": 1, "trend_score": 0.0}, {"hashtag": "#BookLovers", "date": "2024-01-17", "count": 1, "prev_count": 1, "trend_score": 0.0}, {"hashtag": "#DigitalArt", "date": "2024-01-20", "count": 1, "prev_count": 1, "trend_score": 0.0}, {"hashtag": "#BookLovers", "date": "2024-01-20", "count": 1, "prev_count": 1, "trend_score": 0.0}, {"hashtag": "#FitnessGoals", "date": "2024-01-19", "count": 1, "prev_count": 1, "trend_score": 0.0}, {"hashtag": "#BookLovers", "date": "2024-01-26", "count": 1, "prev_count": 1, "trend_score": 0.0}, {"hashtag": "#DigitalArt", "date": "2024-01-23", "count": 1, "prev_count": 1, "trend_score": 0.0}, {"hashtag": "#BookLovers", "date": "2024-01-28", "count": 1, "prev_count": 1, "trend_score": 0.0}, {"hashtag": "#FitnessGoals", "date": "2024-01-20", "count": 1, "prev_count": 1, "trend_score": 0.0}, {"hashtag": "#BookLovers", "date": "2024-02-01", "count": 1, "prev_count": 1, "trend_score": 0.0}, {"hashtag": "#DigitalArt", "date": "2024-01-25", "count": 1, "prev_count": 1, "trend_score": 0.0}, {"hashtag": "#BookLovers", "date": "2024-02-03", "count": 1, "prev_count": 1, "trend_score": 0.0}, {"hashtag": "#FitnessGoals", "date": "2024-01-24", "count": 1, "prev_count": 1, "trend_score": 0.0}, {"hashtag": "#BookLovers", "date": "2024-02-08", "count": 1, "prev_count": 1, "trend_score": 0.0}, {"hashtag": "#DigitalArt", "date": "2024-01-26", "count": 1, "prev_count": 1, "trend_score": 0.0}, {"hashtag": "#BookLovers", "date": "2024-02-11", "count": 1, "prev_count": 1, "trend_score": 0.0}, {"hashtag": "#FitnessGoals", "date": "2024-01-29", "count": 1, "prev_count": 1, "trend_score": 0.0}, {"hashtag": "#BookLovers", "date": "2024-02-13", "count": 1, "prev_count": 1, "trend_score": 0.0}, {"hashtag": "#DigitalArt", "date": "2024-01-30", "count": 1, "prev_count": 1, "trend_score": 0.0}, {"hashtag": "#BookLovers", "date": "2024-02-14", "count": 1, "prev_count": 1, "trend_score": 0.0}, {"hashtag": "#FitnessGoals", "date": "2024-02-06", "count": 1, "prev_count": 1, "trend_score": 0.0}, {"hashtag": "#BookLovers", "date": "2024-02-17", "count": 1, "prev_count": 1, "trend_score": 0.0}, {"hashtag": "#DigitalArt", "date": "2024-02-02", "count": 1, "prev_count": 1, "trend_score": 0.0}, {"hashtag": "#BookLovers", "date": "2024-02-23", "count": 1, "prev_count": 1, "trend_score": 0.0}, {"hashtag": "#FitnessGoals", "date": "2024-02-08", "count": 1, "prev_count": 1, "trend_score": 0.0}, {"hashtag": "#BookLovers", "date": "2024-02-25", "count": 1, "prev_count": 1, "trend_score": 0.0}, {"hashtag": "#DigitalArt", "date": "2024-02-05", "count": 1, "prev_count": 1, "trend_score": 0.0}, {"hashtag": "#BookLovers", "date": "2024-02-28", "count": 1, "prev_count": 1, "trend_score": 0.0}, {"hashtag": "#FitnessGoals", "date": "2024-02-09", "count": 1, "prev_count": 1, "trend_score": 0.0}, {"hashtag": "#BookLovers", "date": "2024-02-29", "count": 1, "prev_count": 1, "trend_score": 0.0}, {"hashtag": "#DigitalArt", "date": "2024-02-06", "count": 1, "prev_count": 1, "trend_score": 0.0}, {"hashtag": "#BookLovers", "date": "2024-03-01", "count": 1, "prev_count": 1, "trend_score": 0.0}, {"hashtag": "#FitnessGoals", "date": "2024-02-19", "count": 1, "prev_count": 1, "trend_score": 0.0}, {"hashtag": "#BookLovers", "date": "2024-03-02", "count": 1, "prev_count": 1, "trend_score": 0.0}, {"hashtag": "#DigitalArt", "date": "2024-02-25", "count": 1, "prev_count": 1, "trend_score": 0.0}, {"hashtag": "#BookLovers", "date": "2024-03-08", "count": 1, "prev_count": 1, "trend_score": 0.0}, {"hashtag": "#FitnessGoals", "date": "2024-02-23", "count": 1, "prev_count": 1, "trend_score": 0.0}, {"hashtag": "#BookLovers", "date": "2024-03-13", "count": 1, "prev_count": 1, "trend_score": 0.0}, {"hashtag": "#DigitalArt", "date": "2024-02-26", "count": 1, "prev_count": 1, "trend_score": 0.0}, {"hashtag": "#BookLovers", "date": "2024-03-14", "count": 1, "prev_count": 1, "trend_score": 0.0}, {"hashtag": "#FitnessGoals", "date": "2024-02-27", "count": 1, "prev_count": 1, "trend_score": 0.0}, {"hashtag": "#BookLovers", "date": "2024-03-16", "count": 1, "prev_count": 1, "trend_score": 0.0}, {"hashtag": "#DigitalArt", "date": "2024-03-02", "count": 1, "prev_count": 1, "trend_score": 0.0}, {"hashtag": "#BookLovers", "date": "2024-03-21", "count": 1, "prev_count": 1, "trend_score": 0.0}, {"hashtag": "#FitnessGoals", "date": "2024-02-29", "count": 1, "prev_count": 1, "trend_score": 0.0}, {"hashtag": "#BookLovers", "date": "2024-03-26", "count": 1, "prev_count": 1, "trend_score": 0.0}, {"hashtag": "#DigitalArt", "date": "2024-03-03", "count": 1, "prev_count": 1, "trend_score": 0.0}, {"hashtag": "#BookLovers", "date": "2024-04-10", "count": 1, "prev_count": 1, "trend_score": 0.0}, {"hashtag": "#FitnessGoals", "date": "2024-03-01", "count": 1, "prev_count": 1, "trend_score": 0.0}, {"hashtag": "#BookLovers", "date": "2024-04-13", "count": 1, "prev_count": 1, "trend_score": 0.0}, {"hashtag": "#DigitalArt", "date": "2024-03-06", "count": 1, "prev_count": 1, "trend_score": 0.0}, {"hashtag": "#BookLovers", "date": "2024-04-18", "count": 1, "prev_count": 1, "trend_score": 0.0}, {"hashtag": "#FitnessGoals", "date": "2024-03-04", "count": 1, "prev_count": 1, "trend_score": 0.0}, {"hashtag": "#BookLovers", "date": "2024-04-19", "count": 1, "prev_count": 1, "trend_score": 0.0}, {"hashtag": "#DigitalArt", "date": "2024-03-08", "count": 1, "prev_count": 1, "trend_score": 0.0}, {"hashtag": "#BookLovers", "date": "2024-04-23", "count": 1, "prev_count": 1, "trend_score": 0.0}, {"hashtag": "#FitnessGoals", "date": "2024-03-05", "count": 1, "prev_count": 1, "trend_score": 0.0}, {"hashtag": "#BookLovers", "date": "2024-04-24", "count": 1, "prev_count": 1, "trend_score": 0.0}, {"hashtag": "#DigitalArt", "date": "2024-03-09", "count": 1, "prev_count": 1, "trend_score": 0.0}, {"hashtag": "#BookLovers", "date": "2024-04-29", "count": 1, "prev_count": 1, "trend_score": 0.0}, {"hashtag": "#FitnessGoals", "date": "2024-03-06", "count": 1, "prev_count": 1, "trend_score": 0.0}, {"hashtag": "#BookLovers", "date": "2024-04-30", "count": 1, "prev_count": 1, "trend_score": 0.0}, {"hashtag": "#DigitalArt", "date": "2024-03-11", "count": 1, "prev_count": 1, "trend_score": 0.0}, {"hashtag": "#BookLovers", "date": "2024-05-05", "count": 1, "prev_count": 1, "trend_score": 0.0}, {"hashtag": "#FitnessGoals", "date": "2024-03-07", "count": 1, "prev_count": 1, "trend_score": 0.0}, {"hashtag": "#BookLovers", "date": "2024-05-08", "count": 1, "prev_count": 1, "trend_score": 0.0}, {"hashtag": "#DigitalArt", "date": "2024-03-13", "count": 1, "prev_count": 1, "trend_score": 0.0}, {"hashtag": "#BookLovers", "date": "2024-05-09", "count": 1, "prev_count": 1, "trend_score": 0.0}, {"hashtag": "#FitnessGoals", "date": "2024-03-08", "count": 1, "prev_count": 1, "trend_score": 0.0}, {"hashtag": "#BookLovers", "date": "2024-05-12", "count": 1, "prev_count": 1, "trend_score": 0.0}, {"hashtag": "#DigitalArt", "date": "2024-03-16", "count": 1, "prev_count": 1, "trend_score": 0.0}, {"hashtag": "#BookLovers", "date": "2024-05-13", "count": 1, "prev_count": 1, "trend_score": 0.0}, {"hashtag": "#FitnessGoals", "date": "2024-03-21", "count": 1, "prev_count": 1, "trend_score": 0.0}, {"hashtag": "#BookLovers", "date": "2024-05-18", "count": 1, "prev_count": 1, "trend_score": 0.0}, {"hashtag": "#DigitalArt", "date": "2024-03-20", "count": 1, "prev_count": 1, "trend_score": 0.0}, {"hashtag": "#Photography", "date": "2024-01-01", "count": 2, "prev_count": null, "trend_score": 0.0}, {"hashtag": "#FitnessGoals", "date": "2024-03-23", "count": 1, "prev_count": 1, "trend_score": 0.0}, {"hashtag": "#Photography", "date": "2024-01-08", "count": 1, "prev_count": 1, "trend_score": 0.0}, {"hashtag": "#DigitalArt", "date": "2024-03-27", "count": 1, "prev_count": 1, "trend_score": 0.0}, {"hashtag": "#Photography", "date": "2024-01-09", "count": 1, "prev_count": 1, "trend_score": 0.0}, {"hashtag": "#FitnessGoals", "date": "2024-03-24", "count": 1, "prev_count": 1, "trend_score": 0.0}, {"hashtag": "#Photography", "date": "2024-01-16", "count": 1, "prev_count": 1, "trend_score": 0.0}, {"hashtag": "#DigitalArt", "date": "2024-03-28", "count": 1, "prev_count": 1, "trend_score": 0.0}, {"hashtag": "#Photography", "date": "2024-01-19", "count": 1, "prev_count": 1, "trend_score": 0.0}, {"hashtag": "#FitnessGoals", "date": "2024-04-01", "count": 1, "prev_count": 1, "trend_score": 0.0}, {"hashtag": "#Photography", "date": "2024-02-02", "count": 1, "prev_count": 1, "trend_score": 0.0}, {"hashtag": "#DigitalArt", "date": "2024-03-29", "count": 1, "prev_count": 1, "trend_score": 0.0}, {"hashtag": "#Photography", "date": "2024-02-04", "count": 1, "prev_count": 1, "trend_score": 0.0}, {"hashtag": "#FitnessGoals", "date": "2024-04-04", "count": 1, "prev_count": 1, "trend_score": 0.0}, {"hashtag": "#Photography", "date": "2024-02-16", "count": 1, "prev_count": 1, "trend_score": 0.0}, {"hashtag": "#DigitalArt", "date": "2024-04-02", "count": 1, "prev_count": 1, "trend_score": 0.0}, {"hashtag": "#Photography", "date": "2024-02-18", "count": 1, "prev_count": 1, "trend_score": 0.0}, {"hashtag": "#FitnessGoals", "date": "2024-04-07", "count": 2, "prev_count": 2, "trend_score": 0.0}, {"hashtag": "#Photography", "date": "2024-02-19", "count": 1, "prev_count": 1, "trend_score": 0.0}, {"hashtag": "#DigitalArt", "date": "2024-04-03", "count": 1, "prev_count": 1, "trend_score": 0.0}, {"hashtag": "#Photography", "date": "2024-02-21", "count": 1, "prev_count": 1, "trend_score": 0.0}, {"hashtag": "#FitnessGoals", "date": "2024-04-10", "count": 1, "prev_count": 1, "trend_score": 0.0}, {"hashtag": "#Photography", "date": "2024-02-24", "count": 1, "prev_count": 1, "trend_score": 0.0}, {"hashtag": "#DigitalArt", "date": "2024-04-04", "count": 1, "prev_count": 1, "trend_score": 0.0}, {"hashtag": "#Photography", "date": "2024-02-25", "count": 1, "prev_count": 1, "trend_score": 0.0}, {"hashtag": "#FitnessGoals", "date": "2024-04-12", "count": 1, "prev_count": 1, "trend_score": 0.0}, {"hashtag": "#Photography", "date": "2024-02-28", "count": 1, "prev_count": 1, "trend_score": 0.0}, {"hashtag": "#DigitalArt", "date": "2024-04-06", "count": 1, "prev_count": 1, "trend_score": 0.0}, {"hashtag": "#Photography", "date": "2024-03-01", "count": 1, "prev_count": 1, "trend_score": 0.0}, {"hashtag": "#FitnessGoals", "date": "2024-04-13", "count": 1, "prev_count": 1, "trend_score": 0.0}, {"hashtag": "#Photography", "date": "2024-03-03", "count": 1, "prev_count": 1, "trend_score": 0.0}, {"hashtag": "#DigitalArt", "date": "2024-04-15", "count": 1, "prev_count": 1, "trend_score": 0.0}, {"hashtag": "#Photography", "date": "2024-03-04", "count": 1, "prev_count": 1, "trend_score": 0.0}, {"hashtag": "#FitnessGoals", "date": "2024-04-15", "count": 1, "prev_count": 1, "trend_score": 0.0}, {"hashtag": "#Photography", "date": "2024-03-09", "count": 1, "prev_count": 1, "trend_score": 0.0}, {"hashtag": "#DigitalArt", "date": "2024-05-02", "count": 1, "prev_count": 1, "trend_score": 0.0}, {"hashtag": "#Photography", "date": "2024-03-13", "count": 1, "prev_count": 1, "trend_score": 0.0}, {"hashtag": "#FitnessGoals", "date": "2024-04-17", "count": 1, "prev_count": 1, "trend_score": 0.0}, {"hashtag": "#Photography", "date": "2024-03-14", "count": 1, "prev_count": 1, "trend_score": 0.0}, {"hashtag": "#DigitalArt", "date": "2024-05-07", "count": 1, "prev_count": 1, "trend_score": 0.0}, {"hashtag": "#Photography", "date": "2024-03-15", "count": 1, "prev_count": 1, "trend_score": 0.0}, {"hashtag": "#FitnessGoals", "date": "2024-04-21", "count": 1, "prev_count": 1, "trend_score": 0.0}, {"hashtag": "#Photography", "date": "2024-03-22", "count": 1, "prev_count": 1, "trend_score": 0.0}, {"hashtag": "#DigitalArt", "date": "2024-05-14", "count": 1, "prev_count": 1, "trend_score": 0.0}, {"hashtag": "#Photography", "date": "2024-03-23", "count": 1, "prev_count": 1, "trend_score": 0.0}, {"hashtag": "#FitnessGoals", "date": "2024-04-22", "count": 1, "prev_count": 1, "trend_score": 0.0}, {"hashtag": "#Photography", "date": "2024-03-26", "count": 1, "prev_count": 1, "trend_score": 0.0}, {"hashtag": "#FoodieLife", "date": "2024-01-01", "count": 1, "prev_count": null, "trend_score": 0.0}, {"hashtag": "#Photography", "date": "2024-03-27", "count": 1, "prev_count": 1, "trend_score": 0.0}, {"hashtag": "#FitnessGoals", "date": "2024-04-23", "count": 1, "prev_count": 1, "trend_score": 0.0}, {"hashtag": "#Photography", "date": "2024-03-30", "count": 1, "prev_count": 1, "trend_score": 0.0}, {"hashtag": "#FoodieLife", "date": "2024-01-05", "count": 1, "prev_count": 1, "trend_score": 0.0}, {"hashtag": "#Photography", "date": "2024-04-11", "count": 1, "prev_count": 1, "trend_score": 0.0}, {"hashtag": "#FitnessGoals", "date": "2024-05-01", "count": 1, "prev_count": 1, "trend_score": 0.0}, {"hashtag": "#Photography", "date": "2024-04-12", "count": 1, "prev_count": 1, "trend_score": 0.0}, {"hashtag": "#FoodieLife", "date": "2024-01-18", "count": 1, "prev_count": 1, "trend_score": 0.0}, {"hashtag": "#Photography", "date": "2024-04-13", "count": 1, "prev_count": 1, "trend_score": 0.0}, {"hashtag": "#FitnessGoals", "date": "2024-05-05", "count": 1, "prev_count": 1, "trend_score": 0.0}, {"hashtag": "#Photography", "date": "2024-04-16", "count": 1, "prev_count": 1, "trend_score": 0.0}, {"hashtag": "#FoodieLife", "date": "2024-01-20", "count": 1, "prev_count": 1, "trend_score": 0.0}, {"hashtag": "#Photography", "date": "2024-04-19", "count": 1, "prev_count": 1, "trend_score": 0.0}, {"hashtag": "#FitnessGoals", "date": "2024-05-09", "count": 1, "prev_count": 1, "trend_score": 0.0}, {"hashtag": "#Photography", "date": "2024-04-25", "count": 1, "prev_count": 1, "trend_score": 0.0}, {"hashtag": "#FoodieLife", "date": "2024-01-24", "count": 1, "prev_count": 1, "trend_score": 0.0}, {"hashtag": "#Photography", "date": "2024-05-02", "count": 1, "prev_count": 1, "trend_score": 0.0}, {"hashtag": "#FitnessGoals", "date": "2024-05-17", "count": 1, "prev_count": 1, "trend_score": 0.0}, {"hashtag": "#Photography", "date": "2024-05-06", "count": 1, "prev_count": 1, "trend_score": 0.0}, {"hashtag": "#FoodieLife", "date": "2024-01-29", "count": 1, "prev_count": 1, "trend_score": 0.0}, {"hashtag": "#Photography", "date": "2024-05-10", "count": 1, "prev_count": 1, "trend_score": 0.0}, {"hashtag": "#StartupLife", "date": "2024-01-02", "count": 1, "prev_count": null, "trend_score": 0.0}, {"hashtag": "#Photography", "date": "2024-05-17", "count": 1, "prev_count": 1, "trend_score": 0.0}, {"hashtag": "#FoodieLife", "date": "2024-02-05", "count": 1, "prev_count": 1, "trend_score": 0.0}, {"hashtag": "#Photography", "date": "2024-05-18", "count": 1, "prev_count": 1, "trend_score": 0.0}, {"hashtag": "#StartupLife", "date": "2024-01-07", "count": 1, "prev_count": 1, "trend_score": 0.0}, {"hashtag": "#TravelDiaries", "date": "2024-01-01", "count": 1, "prev_count": null, "trend_score": 0.0}, {"hashtag": "#FoodieLife", "date": "2024-02-08", "count": 1, "prev_count": 1, "trend_score": 0.0}, {"hashtag": "#TravelDiaries", "date": "2024-01-03", "count": 1, "prev_count": 1, "trend_score": 0.0}, {"hashtag": "#StartupLife", "date": "2024-01-08", "count": 1, "prev_count": 1, "trend_score": 0.0}, {"hashtag": "#TravelDiaries", "date": "2024-01-05", "count": 1, "prev_count": 1, "trend_score": 0.0}, {"hashtag": "#FoodieLife", "date": "2024-02-12", "count": 1, "prev_count": 1, "trend_score": 0.0}, {"hashtag": "#TravelDiaries", "date": "2024-01-06", "count": 1, "prev_count": 1, "trend_score": 0.0}, {"hashtag": "#StartupLife", "date": "2024-01-09", "count": 1, "prev_count": 1, "trend_score": 0.0}, {"hashtag": "#TravelDiaries", "date": "2024-01-16", "count": 1, "prev_count": 1, "trend_score": 0.0}, {"hashtag": "#FoodieLife", "date": "2024-02-13", "count": 1, "prev_count": 1, "trend_score": 0.0}, {"hashtag": "#TravelDiaries", "date": "2024-01-19", "count": 1, "prev_count": 1, "trend_score": 0.0}, {"hashtag": "#StartupLife", "date": "2024-01-11", "count": 1, "prev_count": 1, "trend_score": 0.0}, {"hashtag": "#TravelDiaries", "date": "2024-01-20", "count": 1, "prev_count": 1, "trend_score": 0.0}, {"hashtag": "#FoodieLife", "date": "2024-02-14", "count": 1, "prev_count": 1, "trend_score": 0.0}, {"hashtag": "#TravelDiaries", "date": "2024-01-23", "count": 1, "prev_count": 1, "trend_score": 0.0}, {"hashtag": "#StartupLife", "date": "2024-01-12", "count": 1, "prev_count": 1, "trend_score": 0.0}, {"hashtag": "#TravelDiaries", "date": "2024-01-26", "count": 1, "prev_count": 1, "trend_score": 0.0}, {"hashtag": "#FoodieLife", "date": "2024-02-17", "count": 1, "prev_count": 1, "trend_score": 0.0}, {"hashtag": "#TravelDiaries", "date": "2024-01-27", "count": 1, "prev_count": 1, "trend_score": 0.0}, {"hashtag": "#StartupLife", "date": "2024-01-17", "count": 1, "prev_count": 1, "trend_score": 0.0}, {"hashtag": "#TravelDiaries", "date": "2024-01-28", "count": 1, "prev_count": 1, "trend_score": 0.0}, {"hashtag": "#FoodieLife", "date": "2024-02-22", "count": 1, "prev_count": 1, "trend_score": 0.0}, {"hashtag": "#TravelDiaries", "date": "2024-01-30", "count": 1, "prev_count": 1, "trend_score": 0.0}, {"hashtag": "#StartupLife", "date": "2024-02-04", "count": 1, "prev_count": 1, "trend_score": 0.0}, {"hashtag": "#TravelDiaries", "date": "2024-01-31", "count": 1, "prev_count": 1, "trend_score": 0.0}, {"hashtag": "#FoodieLife", "date": "2024-02-24", "count": 1, "prev_count": 1, "trend_score": 0.0}, {"hashtag": "#TravelDiaries", "date": "2024-02-03", "count": 1, "prev_count": 1, "trend_score": 0.0}, {"hashtag": "#StartupLife", "date": "2024-02-05", "count": 1, "prev_count": 1, "trend_score": 0.0}, {"hashtag": "#TravelDiaries", "date": "2024-02-09", "count": 1, "prev_count": 1, "trend_score": 0.0}, {"hashtag": "#FoodieLife", "date": "2024-02-25", "count": 1, "prev_count": 1, "trend_score": 0.0}, {"hashtag": "#TravelDiaries", "date": "2024-02-11", "count": 1, "prev_count": 1, "trend_score": 0.0}, {"hashtag": "#StartupLife", "date": "2024-02-07", "count": 1, "prev_count": 1, "trend_score": 0.0}, {"hashtag": "#TravelDiaries", "date": "2024-02-14", "count": 2, "prev_count": 2, "trend_score": 0.0}, {"hashtag": "#FoodieLife", "date": "2024-03-05", "count": 1, "prev_count": 1, "trend_score": 0.0}, {"hashtag": "#TravelDiaries", "date": "2024-02-15", "count": 2, "prev_count": 2, "trend_score": 0.0}, {"hashtag": "#StartupLife", "date": "2024-02-17", "count": 1, "prev_count": 1, "trend_score": 0.0}, {"hashtag": "#TravelDiaries", "date": "2024-02-19", "count": 1, "prev_count": 1, "trend_score": 0.0}, {"hashtag": "#FoodieLife", "date": "2024-03-07", "count": 1, "prev_count": 1, "trend_score": 0.0}, {"hashtag": "#TravelDiaries", "date": "2024-02-26", "count": 1, "prev_count": 1, "trend_score": 0.0}, {"hashtag": "#StartupLife", "date": "2024-02-22", "count": 1, "prev_count": 1, "trend_score": 0.0}, {"hashtag": "#TravelDiaries", "date": "2024-02-27", "count": 1, "prev_count": 1, "trend_score": 0.0}, {"hashtag": "#FoodieLife", "date": "2024-03-11", "count": 1, "prev_count": 1, "trend_score": 0.0}, {"hashtag": "#TravelDiaries", "date": "2024-03-01", "count": 2, "prev_count": 2, "trend_score": 0.0}, {"hashtag": "#StartupLife", "date": "2024-02-27", "count": 1, "prev_count": 1, "trend_score": 0.0}, {"hashtag": "#TravelDiaries", "date": "2024-03-04", "count": 1, "prev_count": 1, "trend_score": 0.0}, {"hashtag": "#FoodieLife", "date": "2024-03-13", "count": 1, "prev_count": 1, "trend_score": 0.0}, {"hashtag": "#TravelDiaries", "date": "2024-03-05", "count": 1, "prev_count": 1, "trend_score": 0.0}, {"hashtag": "#StartupLife", "date": "2024-02-28", "count": 1, "prev_count": 1, "trend_score": 0.0}, {"hashtag": "#TravelDiaries", "date": "2024-03-10", "count": 1, "prev_count": 1, "trend_score": 0.0}, {"hashtag": "#FoodieLife", "date": "2024-03-22", "count": 1, "prev_count": 1, "trend_score": 0.0}, {"hashtag": "#TravelDiaries", "date": "2024-03-20", "count": 1, "prev_count": 1, "trend_score": 0.0}, {"hashtag": "#StartupLife", "date": "2024-03-02", "count": 1, "prev_count": 1, "trend_score": 0.0}, {"hashtag": "#TravelDiaries", "date": "2024-04-06", "count": 1, "prev_count": 1, "trend_score": 0.0}, {"hashtag": "#FoodieLife", "date": "2024-03-29", "count": 2, "prev_count": 2, "trend_score": 0.0}, {"hashtag": "#TravelDiaries", "date": "2024-04-07", "count": 1, "prev_count": 1, "trend_score": 0.0}, {"hashtag": "#StartupLife", "date": "2024-03-17", "count": 1, "prev_count": 1, "trend_score": 0.0}, {"hashtag": "#TravelDiaries", "date": "2024-04-12", "count": 1, "prev_count": 1, "trend_score": 0.0}, {"hashtag": "#FoodieLife", "date": "2024-04-01", "count": 1, "prev_count": 1, "trend_score": 0.0}, {"hashtag": "#TravelDiaries", "date": "2024-04-20", "count": 1, "prev_count": 1, "trend_score": 0.0}, {"hashtag": "#StartupLife", "date": "2024-03-25", "count": 1, "prev_count": 1, "trend_score": 0.0}, {"hashtag": "#TravelDiaries", "date": "2024-04-28", "count": 1, "prev_count": 1, "trend_score": 0.0}, {"hashtag": "#FoodieLife", "date": "2024-04-06", "count": 1, "prev_count": 1, "trend_score": 0.0}, {"hashtag": "#TravelDiaries", "date": "2024-04-30", "count": 1, "prev_count": 1, "trend_score": 0.0}, {"hashtag": "#StartupLife", "date": "2024-03-26", "count": 1, "prev_count": 1, "trend_score": 0.0}, {"hashtag": "#TravelDiaries", "date": "2024-05-05", "count": 1, "prev_count": 1, "trend_score": 0.0}, {"hashtag": "#FoodieLife", "date": "2024-04-22", "count": 1, "prev_count": 1, "trend_score": 0.0}, {"hashtag": "#TravelDiaries", "date": "2024-05-09", "count": 1, "prev_count": 1, "trend_score": 0.0}, {"hashtag": "#StartupLife", "date": "2024-03-27", "count": 1, "prev_count": 1, "trend_score": 0.0}, {"hashtag": "#TravelDiaries", "date": "2024-05-12", "count": 1, "prev_count": 1, "trend_score": 0.0}, {"hashtag": "#FoodieLife", "date": "2024-05-01", "count": 1, "prev_count": 1, "trend_score": 0.0}, {"hashtag": "#StartupLife", "date": "2024-03-28", "count": 1, "prev_count": 1, "trend_score": 0.0}, {"hashtag": "#FoodieLife", "date": "2024-05-04", "count": 1, "prev_count": 1, "trend_score": 0.0}, {"hashtag": "#StartupLife", "date": "2024-03-31", "count": 1, "prev_count": 1, "trend_score": 0.0}, {"hashtag": "#FoodieLife", "date": "2024-05-06", "count": 1, "prev_count": 1, "trend_score": 0.0}, {"hashtag": "#StartupLife", "date": "2024-04-01", "count": 1, "prev_count": 1, "trend_score": 0.0}, {"hashtag": "#FoodieLife", "date": "2024-05-10", "count": 1, "prev_count": 1, "trend_score": 0.0}, {"hashtag": "#StartupLife", "date": "2024-04-06", "count": 1, "prev_count": 1, "trend_score": 0.0}, {"hashtag": "#FoodieLife", "date": "2024-05-15", "count": 1, "prev_count": 1, "trend_score": 0.0}, {"hashtag": "#StartupLife", "date": "2024-04-13", "count": 1, "prev_count": 1, "trend_score": 0.0}, {"hashtag": "#FoodieLife", "date": "2024-05-18", "count": 1, "prev_count": 1, "trend_score": 0.0}, {"hashtag": "#StartupLife", "date": "2024-04-15", "count": 1, "prev_count": 1, "trend_score": 0.0}, {"hashtag": "#MentalHealth", "date": "2024-01-08", "count": 1, "prev_count": null, "trend_score": 0.0}, {"hashtag": "#StartupLife", "date": "2024-04-16", "count": 1, "prev_count": 1, "trend_score": 0.0}, {"hashtag": "#MentalHealth", "date": "2024-01-09", "count": 1, "prev_count": 1, "trend_score": 0.0}, {"hashtag": "#StartupLife", "date": "2024-04-19", "count": 1, "prev_count": 1, "trend_score": 0.0}, {"hashtag": "#MentalHealth", "date": "2024-01-10", "count": 1, "prev_count": 1, "trend_score": 0.0}, {"hashtag": "#StartupLife", "date": "2024-04-23", "count": 1, "prev_count": 1, "trend_score": 0.0}, {"hashtag": "#MentalHealth", "date": "2024-01-12", "count": 1, "prev_count": 1, "trend_score": 0.0}, {"hashtag": "#StartupLife", "date": "2024-05-06", "count": 1, "prev_count": 1, "trend_score": 0.0}, {"hashtag": "#MentalHealth", "date": "2024-01-19", "count": 1, "prev_count": 1, "trend_score": 0.0}, {"hashtag": "#StartupLife", "date": "2024-05-07", "count": 1, "prev_count": 1, "trend_score": 0.0}, {"hashtag": "#MentalHealth", "date": "2024-01-21", "count": 1, "prev_count": 1, "trend_score": 0.0}, {"hashtag": "#StartupLife", "date": "2024-05-09", "count": 1, "prev_count": 1, "trend_score": 0.0}, {"hashtag": "#MentalHealth", "date": "2024-01-25", "count": 1, "prev_count": 1, "trend_score": 0.0}, {"hashtag": "#StartupLife", "date": "2024-05-12", "count": 1, "prev_count": 1, "trend_score": 0.0}, {"hashtag": "#MentalHealth", "date": "2024-01-27", "count": 1, "prev_count": 1, "trend_score": 0.0}, {"hashtag": "#MentalHealth", "date": "2024-01-28", "count": 1, "prev_count": 1, "trend_score": 0.0}, {"hashtag": "#MentalHealth", "date": "2024-01-30", "count": 1, "prev_count": 1, "trend_score": 0.0}, {"hashtag": "#MentalHealth", "date": "2024-02-02", "count": 1, "prev_count": 1, "trend_score": 0.0}, {"hashtag": "#MentalHealth", "date": "2024-02-05", "count": 1, "prev_count": 1, "trend_score": 0.0}, {"hashtag": "#MentalHealth", "date": "2024-02-07", "count": 1, "prev_count": 1, "trend_score": 0.0}, {"hashtag": "#MentalHealth", "date": "2024-02-08", "count": 1, "prev_count": 1, "trend_score": 0.0}, {"hashtag": "#MentalHealth", "date": "2024-02-10", "count": 1, "prev_count": 1, "trend_score": 0.0}, {"hashtag": "#MentalHealth", "date": "2024-02-11", "count": 1, "prev_count": 1, "trend_score": 0.0}, {"hashtag": "#MentalHealth", "date": "2024-02-12", "count": 1, "prev_count": 1, "trend_score": 0.0}, {"hashtag": "#MentalHealth", "date": "2024-02-16", "count": 1, "prev_count": 1, "trend_score": 0.0}, {"hashtag": "#MentalHealth", "date": "2024-02-19", "count": 2, "prev_count": 2, "trend_score": 0.0}, {"hashtag": "#MentalHealth", "date": "2024-02-26", "count": 1, "prev_count": 1, "trend_score": 0.0}, {"hashtag": "#MentalHealth", "date": "2024-03-07", "count": 1, "prev_count": 1, "trend_score": 0.0}, {"hashtag": "#MentalHealth", "date": "2024-03-19", "count": 1, "prev_count": 1, "trend_score": 0.0}, {"hashtag": "#MentalHealth", "date": "2024-03-20", "count": 1, "prev_count": 1, "trend_score": 0.0}, {"hashtag": "#MentalHealth", "date": "2024-03-25", "count": 1, "prev_count": 1, "trend_score": 0.0}, {"hashtag": "#MentalHealth", "date": "2024-04-05", "count": 1, "prev_count": 1, "trend_score": 0.0}, {"hashtag": "#MentalHealth", "date": "2024-04-06", "count": 1, "prev_count": 1, "trend_score": 0.0}, {"hashtag": "#MentalHealth", "date": "2024-04-11", "count": 1, "prev_count": 1, "trend_score": 0.0}, {"hashtag": "#MentalHealth", "date": "2024-04-14", "count": 1, "prev_count": 1, "trend_score": 0.0}, {"hashtag": "#MentalHealth", "date": "2024-04-17", "count": 1, "prev_count": 1, "trend_score": 0.0}, {"hashtag": "#MentalHealth", "date": "2024-04-18", "count": 1, "prev_count": 1, "trend_score": 0.0}, {"hashtag": "#MentalHealth", "date": "2024-04-22", "count": 1, "prev_count": 1, "trend_score": 0.0}, {"hashtag": "#MentalHealth", "date": "2024-04-26", "count": 1, "prev_count": 1, "trend_score": 0.0}, {"hashtag": "#MentalHealth", "date": "2024-05-07", "count": 1, "prev_count": 1, "trend_score": 0.0}, {"hashtag": "#MentalHealth", "date": "2024-05-08", "count": 1, "prev_count": 1, "trend_score": 0.0}, {"hashtag": "#MentalHealth", "date": "2024-05-12", "count": 1, "prev_count": 1, "trend_score": 0.0}, {"hashtag": "#MentalHealth", "date": "2024-05-13", "count": 1, "prev_count": 1, "trend_score": 0.0}, {"hashtag": "#SustainableLiving", "date": "2024-01-02", "count": 1, "prev_count": null, "trend_score": 0.0}, {"hashtag": "#SustainableLiving", "date": "2024-01-07", "count": 1, "prev_count": 1, "trend_score": 0.0}, {"hashtag": "#SustainableLiving", "date": "2024-01-08", "count": 1, "prev_count": 1, "trend_score": 0.0}, {"hashtag": "#SustainableLiving", "date": "2024-01-20", "count": 1, "prev_count": 1, "trend_score": 0.0}, {"hashtag": "#SustainableLiving", "date": "2024-01-21", "count": 1, "prev_count": 1, "trend_score": 0.0}, {"hashtag": "#SustainableLiving", "date": "2024-01-23", "count": 1, "prev_count": 1, "trend_score": 0.0}, {"hashtag": "#SustainableLiving", "date": "2024-01-24", "count": 1, "prev_count": 1, "trend_score": 0.0}, {"hashtag": "#SustainableLiving", "date": "2024-01-25", "count": 1, "prev_count": 1, "trend_score": 0.0}, {"hashtag": "#SustainableLiving", "date": "2024-01-26", "count": 1, "prev_count": 1, "trend_score": 0.0}, {"hashtag": "#SustainableLiving", "date": "2024-01-29", "count": 1, "prev_count": 1, "trend_score": 0.0}, {"hashtag": "#SustainableLiving", "date": "2024-02-02", "count": 1, "prev_count": 1, "trend_score": 0.0}, {"hashtag": "#SustainableLiving", "date": "2024-02-06", "count": 1, "prev_count": 1, "trend_score": 0.0}, {"hashtag": "#SustainableLiving", "date": "2024-02-08", "count": 1, "prev_count": 1, "trend_score": 0.0}, {"hashtag": "#SustainableLiving", "date": "2024-02-09", "count": 1, "prev_count": 1, "trend_score": 0.0}, {"hashtag": "#SustainableLiving", "date": "2024-02-12", "count": 1, "prev_count": 1, "trend_score": 0.0}, {"hashtag": "#SustainableLiving", "date": "2024-02-14", "count": 1, "prev_count": 1, "trend_score": 0.0}, {"hashtag": "#SustainableLiving", "date": "2024-02-15", "count": 1, "prev_count": 1, "trend_score": 0.0}, {"hashtag": "#SustainableLiving", "date": "2024-02-16", "count": 1, "prev_count": 1, "trend_score": 0.0}, {"hashtag": "#SustainableLiving", "date": "2024-02-17", "count": 1, "prev_count": 1, "trend_score": 0.0}, {"hashtag": "#SustainableLiving", "date": "2024-02-19", "count": 1, "prev_count": 1, "trend_score": 0.0}, {"hashtag": "#SustainableLiving", "date": "2024-02-25", "count": 1, "prev_count": 1, "trend_score": 0.0}, {"hashtag": "#SustainableLiving", "date": "2024-02-28", "count": 1, "prev_count": 1, "trend_score": 0.0}, {"hashtag": "#SustainableLiving", "date": "2024-02-29", "count": 1, "prev_count": 1, "trend_score": 0.0}, {"hashtag": "#SustainableLiving", "date": "2024-03-04", "count": 1, "prev_count": 1, "trend_score": 0.0}, {"hashtag": "#SustainableLiving", "date": "2024-03-09", "count": 2, "prev_count": 2, "trend_score": 0.0}, {"hashtag": "#SustainableLiving", "date": "2024-03-13", "count": 1, "prev_count": 1, "trend_score": 0.0}, {"hashtag": "#SustainableLiving", "date": "2024-03-16", "count": 1, "prev_count": 1, "trend_score": 0.0}, {"hashtag": "#SustainableLiving", "date": "2024-03-18", "count": 1, "prev_count": 1, "trend_score": 0.0}, {"hashtag": "#SustainableLiving", "date": "2024-03-20", "count": 1, "prev_count": 1, "trend_score": 0.0}, {"hashtag": "#SustainableLiving", "date": "2024-03-21", "count": 1, "prev_count": 1, "trend_score": 0.0}, {"hashtag": "#SustainableLiving", "date": "2024-03-22", "count": 1, "prev_count": 1, "trend_score": 0.0}, {"hashtag": "#SustainableLiving", "date": "2024-03-24", "count": 1, "prev_count": 1, "trend_score": 0.0}, {"hashtag": "#SustainableLiving", "date": "2024-03-25", "count": 1, "prev_count": 1, "trend_score": 0.0}, {"hashtag": "#SustainableLiving", "date": "2024-03-28", "count": 1, "prev_count": 1, "trend_score": 0.0}, {"hashtag": "#SustainableLiving", "date": "2024-03-29", "count": 1, "prev_count": 1, "trend_score": 0.0}, {"hashtag": "#SustainableLiving", "date": "2024-04-01", "count": 1, "prev_count": 1, "trend_score": 0.0}, {"hashtag": "#SustainableLiving", "date": "2024-04-02", "count": 1, "prev_count": 1, "trend_score": 0.0}, {"hashtag": "#SustainableLiving", "date": "2024-04-12", "count": 1, "prev_count": 1, "trend_score": 0.0}, {"hashtag": "#SustainableLiving", "date": "2024-04-15", "count": 1, "prev_count": 1, "trend_score": 0.0}, {"hashtag": "#SustainableLiving", "date": "2024-04-19", "count": 1, "prev_count": 1, "trend_score": 0.0}, {"hashtag": "#SustainableLiving", "date": "2024-04-21", "count": 1, "prev_count": 1, "trend_score": 0.0}, {"hashtag": "#SustainableLiving", "date": "2024-04-23", "count": 1, "prev_count": 1, "trend_score": 0.0}, {"hashtag": "#SustainableLiving", "date": "2024-04-27", "count": 1, "prev_count": 1, "trend_score": 0.0}, {"hashtag": "#SustainableLiving", "date": "2024-04-29", "count": 1, "prev_count": 1, "trend_score": 0.0}, {"hashtag": "#SustainableLiving", "date": "2024-05-01", "count": 1, "prev_count": 1, "trend_score": 0.0}, {"hashtag": "#SustainableLiving", "date": "2024-05-07", "count": 1, "prev_count": 1, "trend_score": 0.0}, {"hashtag": "#TechInnovation", "date": "2024-01-02", "count": 1, "prev_count": null, "trend_score": 0.0}, {"hashtag": "#TechInnovation", "date": "2024-01-05", "count": 1, "prev_count": 1, "trend_score": 0.0}, {"hashtag": "#TechInnovation", "date": "2024-01-19", "count": 1, "prev_count": 1, "trend_score": 0.0}, {"hashtag": "#TechInnovation", "date": "2024-01-26", "count": 1, "prev_count": 1, "trend_score": 0.0}, {"hashtag": "#TechInnovation", "date": "2024-01-29", "count": 1, "prev_count": 1, "trend_score": 0.0}, {"hashtag": "#TechInnovation", "date": "2024-01-30", "count": 1, "prev_count": 1, "trend_score": 0.0}, {"hashtag": "#TechInnovation", "date": "2024-02-01", "count": 1, "prev_count": 1, "trend_score": 0.0}, {"hashtag": "#TechInnovation", "date": "2024-02-02", "count": 1, "prev_count": 1, "trend_score": 0.0}, {"hashtag": "#TechInnovation", "date": "2024-02-03", "count": 1, "prev_count": 1, "trend_score": 0.0}, {"hashtag": "#TechInnovation", "date": "2024-02-05", "count": 1, "prev_count": 1, "trend_score": 0.0}, {"hashtag": "#TechInnovation", "date": "2024-02-17", "count": 1, "prev_count": 1, "trend_score": 0.0}, {"hashtag": "#TechInnovation", "date": "2024-02-22", "count": 1, "prev_count": 1, "trend_score": 0.0}, {"hashtag": "#TechInnovation", "date": "2024-02-24", "count": 1, "prev_count": 1, "trend_score": 0.0}, {"hashtag": "#TechInnovation", "date": "2024-03-03", "count": 1, "prev_count": 1, "trend_score": 0.0}, {"hashtag": "#TechInnovation", "date": "2024-03-19", "count": 1, "prev_count": 1, "trend_score": 0.0}, {"hashtag": "#TechInnovation", "date": "2024-03-20", "count": 1, "prev_count": 1, "trend_score": 0.0}, {"hashtag": "#TechInnovation", "date": "2024-03-23", "count": 1, "prev_count": 1, "trend_score": 0.0}, {"hashtag": "#TechInnovation", "date": "2024-03-24", "count": 1, "prev_count": 1, "trend_score": 0.0}, {"hashtag": "#TechInnovation", "date": "2024-03-28", "count": 1, "prev_count": 1, "trend_score": 0.0}, {"hashtag": "#TechInnovation", "date": "2024-03-29", "count": 1, "prev_count": 1, "trend_score": 0.0}, {"hashtag": "#TechInnovation", "date": "2024-04-06", "count": 1, "prev_count": 1, "trend_score": 0.0}, {"hashtag": "#TechInnovation", "date": "2024-04-07", "count": 1, "prev_count": 1, "trend_score": 0.0}, {"hashtag": "#TechInnovation", "date": "2024-04-08", "count": 1, "prev_count": 1, "trend_score": 0.0}, {"hashtag": "#TechInnovation", "date": "2024-04-13", "count": 1, "prev_count": 1, "trend_score": 0.0}, {"hashtag": "#TechInnovation", "date": "2024-04-16", "count": 1, "prev_count": 1, "trend_score": 0.0}, {"hashtag": "#TechInnovation", "date": "2024-04-17", "count": 1, "prev_count": 1, "trend_score": 0.0}, {"hashtag": "#TechInnovation", "date": "2024-04-21", "count": 2, "prev_count": 2, "trend_score": 0.0}, {"hashtag": "#TechInnovation", "date": "2024-05-04", "count": 1, "prev_count": 1, "trend_score": 0.0}, {"hashtag": "#TravelDiaries", "date": "2024-04-02", "count": 2, "prev_count": 3, "trend_score": -33.33333333333333}, {"hashtag": "#StartupLife", "date": "2024-02-15", "count": 2, "prev_count": 3, "trend_score": -33.33333333333333}, {"hashtag": "#BookLovers", "date": "2024-01-15", "count": 1, "prev_count": 2, "trend_score": -50.0}, {"hashtag": "#DigitalArt", "date": "2024-01-16", "count": 1, "prev_count": 2, "trend_score": -50.0}, {"hashtag": "#BookLovers", "date": "2024-03-06", "count": 1, "prev_count": 2, "trend_score": -50.0}, {"hashtag": "#FitnessGoals", "date": "2024-01-15", "count": 1, "prev_count": 2, "trend_score": -50.0}, {"hashtag": "#BookLovers", "date": "2024-05-16", "count": 1, "prev_count": 2, "trend_score": -50.0}, {"hashtag": "#DigitalArt", "date": "2024-02-21", "count": 1, "prev_count": 2, "trend_score": -50.0}, {"hashtag": "#Photography", "date": "2024-01-03", "count": 1, "prev_count": 2, "trend_score": -50.0}, {"hashtag": "#FitnessGoals", "date": "2024-02-15", "count": 1, "prev_count": 2, "trend_score": -50.0}, {"hashtag": "#Photography", "date": "2024-01-29", "count": 1, "prev_count": 2, "trend_score": -50.0}, {"hashtag": "#DigitalArt", "date": "2024-04-18", "count": 1, "prev_count": 2, "trend_score": -50.0}, {"hashtag": "#Photography", "date": "2024-03-07", "count": 1, "prev_count": 2, "trend_score": -50.0}, {"hashtag": "#FitnessGoals", "date": "2024-03-12", "count": 1, "prev_count": 2, "trend_score": -50.0}, {"hashtag": "#Photography", "date": "2024-04-10", "count": 1, "prev_count": 2, "trend_score": -50.0}, {"hashtag": "#DigitalArt", "date": "2024-04-24", "count": 1, "prev_count": 2, "trend_score": -50.0}, {"hashtag": "#Photography", "date": "2024-05-01", "count": 1, "prev_count": 2, "trend_score": -50.0}, {"hashtag": "#FitnessGoals", "date": "2024-03-18", "count": 1, "prev_count": 2, "trend_score": -50.0}, {"hashtag": "#Photography", "date": "2024-05-16", "count": 1, "prev_count": 2, "trend_score": -50.0}, {"hashtag": "#DigitalArt", "date": "2024-05-06", "count": 1, "prev_count": 2, "trend_score": -50.0}, {"hashtag": "#TravelDiaries", "date": "2024-01-18", "count": 1, "prev_count": 2, "trend_score": -50.0}, {"hashtag": "#FitnessGoals", "date": "2024-03-20", "count": 1, "prev_count": 2, "trend_score": -50.0}, {"hashtag": "#TravelDiaries", "date": "2024-02-16", "count": 1, "prev_count": 2, "trend_score": -50.0}, {"hashtag": "#DigitalArt", "date": "2024-05-10", "count": 1, "prev_count": 2, "trend_score": -50.0}, {"hashtag": "#TravelDiaries", "date": "2024-03-03", "count": 1, "prev_count": 2, "trend_score": -50.0}, {"hashtag": "#FitnessGoals", "date": "2024-04-09", "count": 1, "prev_count": 2, "trend_score": -50.0}, {"hashtag": "#TravelDiaries", "date": "2024-03-08", "count": 1, "prev_count": 2, "trend_score": -50.0}, {"hashtag": "#FoodieLife", "date": "2024-01-11", "count": 1, "prev_count": 2, "trend_score": -50.0}, {"hashtag": "#TravelDiaries", "date": "2024-03-18", "count": 1, "prev_count": 2, "trend_score": -50.0}, {"hashtag": "#FitnessGoals", "date": "2024-04-28", "count": 1, "prev_count": 2, "trend_score": -50.0}, {"hashtag": "#TravelDiaries", "date": "2024-04-03", "count": 1, "prev_count": 2, "trend_score": -50.0}, {"hashtag": "#FoodieLife", "date": "2024-01-16", "count": 1, "prev_count": 2, "trend_score": -50.0}, {"hashtag": "#TravelDiaries", "date": "2024-04-18", "count": 1, "prev_count": 2, "trend_score": -50.0}, {"hashtag": "#StartupLife", "date": "2024-01-24", "count": 1, "prev_count": 2, "trend_score": -50.0}, {"hashtag": "#TravelDiaries", "date": "2024-04-23", "count": 1, "prev_count": 2, "trend_score": -50.0}, {"hashtag": "#FoodieLife", "date": "2024-02-02", "count": 1, "prev_count": 2, "trend_score": -50.0}, {"hashtag": "#StartupLife", "date": "2024-01-29", "count": 1, "prev_count": 2, "trend_score": -50.0}, {"hashtag": "#FoodieLife", "date": "2024-03-19", "count": 1, "prev_count": 2, "trend_score": -50.0}, {"hashtag": "#StartupLife", "date": "2024-02-02", "count": 1, "prev_count": 2, "trend_score": -50.0}, {"hashtag": "#FoodieLife", "date": "2024-03-30", "count": 1, "prev_count": 2, "trend_score": -50.0}, {"hashtag": "#StartupLife", "date": "2024-02-16", "count": 1, "prev_count": 2, "trend_score": -50.0}, {"hashtag": "#FoodieLife", "date": "2024-04-16", "count": 1, "prev_count": 2, "trend_score": -50.0}, {"hashtag": "#StartupLife", "date": "2024-02-20", "count": 1, "prev_count": 2, "trend_score": -50.0}, {"hashtag": "#FoodieLife", "date": "2024-04-20", "count": 1, "prev_count": 2, "trend_score": -50.0}, {"hashtag": "#StartupLife", "date": "2024-03-10", "count": 1, "prev_count": 2, "trend_score": -50.0}, {"hashtag": "#FoodieLife", "date": "2024-04-29", "count": 1, "prev_count": 2, "trend_score": -50.0}, {"hashtag": "#StartupLife", "date": "2024-03-23", "count": 1, "prev_count": 2, "trend_score": -50.0}, {"hashtag": "#FoodieLife", "date": "2024-05-08", "count": 1, "prev_count": 2, "trend_score": -50.0}, {"hashtag": "#StartupLife", "date": "2024-04-12", "count": 1, "prev_count": 2, "trend_score": -50.0}, {"hashtag": "#MentalHealth", "date": "2024-01-18", "count": 1, "prev_count": 2, "trend_score": -50.0}, {"hashtag": "#StartupLife", "date": "2024-04-28", "count": 1, "prev_count": 2, "trend_score": -50.0}, {"hashtag": "#MentalHealth", "date": "2024-02-22", "count": 1, "prev_count": 2, "trend_score": -50.0}, {"hashtag": "#StartupLife", "date": "2024-05-03", "count": 1, "prev_count": 2, "trend_score": -50.0}, {"hashtag": "#MentalHealth", "date": "2024-03-06", "count": 1, "prev_count": 2, "trend_score": -50.0}, {"hashtag": "#StartupLife", "date": "2024-05-05", "count": 1, "prev_count": 2, "trend_score": -50.0}, {"hashtag": "#MentalHealth", "date": "2024-03-13", "count": 1, "prev_count": 2, "trend_score": -50.0}, {"hashtag": "#MentalHealth", "date": "2024-03-29", "count": 1, "prev_count": 2, "trend_score": -50.0}, {"hashtag": "#MentalHealth", "date": "2024-04-10", "count": 1, "prev_count": 2, "trend_score": -50.0}, {"hashtag": "#SustainableLiving", "date": "2024-01-05", "count": 1, "prev_count": 2, "trend_score": -50.0}, {"hashtag": "#SustainableLiving", "date": "2024-01-15", "count": 1, "prev_count": 2, "trend_score": -50.0}, {"hashtag": "#SustainableLiving", "date": "2024-03-10", "count": 1, "prev_count": 2, "trend_score": -50.0}, {"hashtag": "#SustainableLiving", "date": "2024-03-15", "count": 1, "prev_count": 2, "trend_score": -50.0}, {"hashtag": "#SustainableLiving", "date": "2024-04-09", "count": 1, "prev_count": 2, "trend_score": -50.0}, {"hashtag": "#SustainableLiving", "date": "2024-05-15", "count": 1, "prev_count": 2, "trend_score": -50.0}, {"hashtag": "#TechInnovation", "date": "2024-01-11", "count": 1, "prev_count": 2, "trend_score": -50.0}, {"hashtag": "#TechInnovation", "date": "2024-02-13", "count": 1, "prev_count": 2, "trend_score": -50.0}, {"hashtag": "#TechInnovation", "date": "2024-04-03", "count": 1, "prev_count": 2, "trend_score": -50.0}, {"hashtag": "#TechInnovation", "date": "2024-04-11", "count": 1, "prev_count": 2, "trend_score": -50.0}, {"hashtag": "#TechInnovation", "date": "2024-04-22", "count": 1, "prev_count": 2, "trend_score": -50.0}, {"hashtag": "#TechInnovation", "date": "2024-04-28", "count": 1, "prev_count": 2, "trend_score": -50.0}, {"hashtag": "#TechInnovation", "date": "2024-05-01", "count": 1, "prev_count": 2, "trend_score": -50.0}, {"hashtag": "#TechInnovation", "date": "2024-05-13", "count": 1, "prev_count": 2, "trend_score": -50.0}, {"hashtag": "#FitnessGoals", "date": "2024-01-31", "count": 1, "prev_count": 3, "trend_score": -66.66666666666666}, {"hashtag": "#MentalHealth", "date": "2024-05-18", "count": 1, "prev_count": 3, "trend_score": -66.66666666666666}, {"hashtag": "#FitnessGoals", "date": "2024-05-08", "count": 1, "prev_count": 3, "trend_score": -66.66666666666666}, {"hashtag": "#TechInnovation", "date": "2024-03-02", "count": 1, "prev_count": 3, "trend_score": -66.66666666666666}, {"hashtag": "#TechInnovation", "date": "2024-03-07", "count": 1, "prev_count": 3, "trend_score": -66.66666666666666}, {"hashtag": "#TechInnovation", "date": "2024-03-15", "count": 1, "prev_count": 3, "trend_score": -66.66666666666666}, {"hashtag": "#DigitalArt", "date": "2024-04-27", "count": 1, "prev_count": 4, "trend_score": -75.0}, {"hashtag": "#MentalHealth", "date": "2024-05-06", "count": 1, "prev_count": 4, "trend_score": -75.0}]