[
  {
    "hashtag": "#TravelDiaries",
    "mention_count": 104,
    "avg_engagement": 2987.2115384615386,
    "avg_reach": 71760.25,
    "avg_sentiment": -0.10349230769230762,
    "total_likes": 268151,
    "total_comments": 23660,
    "total_shares": 18859
  },
  {
    "hashtag": "#Photography",
    "mention_count": 98,
    "avg_engagement": 2714.826530612245,
    "avg_reach": 62108.489795918365,
    "avg_sentiment": 0.006673469387755079,
    "total_likes": 227196,
    "total_comments": 22835,
    "total_shares": 16022
  },
  {
    "hashtag": "#TechInnovation",
    "mention_count": 98,
    "avg_engagement": 343.3775510204082,
    "avg_reach": 7989.234693877551,
    "avg_sentiment": 0.013704081632653074,
    "total_likes": 28070,
    "total_comments": 3568,
    "total_shares": 2013
  },
  {
    "hashtag": "#DigitalArt",
    "mention_count": 93,
    "avg_engagement": 4298.462365591397,
    "avg_reach": 77969.08602150538,
    "avg_sentiment": -0.03440215053763441,
    "total_likes": 357495,
    "total_comments": 22929,
    "total_shares": 19333
  },
  {
    "hashtag": "#MentalHealth",
    "mention_count": 92,
    "avg_engagement": 2359.0652173913045,
    "avg_reach": 46030.663043478264,
    "avg_sentiment": 0.0012282608695652188,
    "total_likes": 187755,
    "total_comments": 16134,
    "total_shares": 13145
  },
  {
    "hashtag": "#FoodieLife",
    "mention_count": 91,
    "avg_engagement": 1980.5384615384614,
    "avg_reach": 43381.61538461538,
    "avg_sentiment": 0.08013186813186816,
    "total_likes": 160194,
    "total_comments": 10596,
    "total_shares": 9439
  },
  {
    "hashtag": "#StartupLife",
    "mention_count": 87,
    "avg_engagement": 772.735632183908,
    "avg_reach": 23534.241379310344,
    "avg_sentiment": 0.08951379310344827,
    "total_likes": 52002,
    "total_comments": 8692,
    "total_shares": 6534
  },
  {
    "hashtag": "#BookLovers",
    "mention_count": 85,
    "avg_engagement": 982.8352941176471,
    "avg_reach": 16212.964705882352,
    "avg_sentiment": -0.08404352941176471,
    "total_likes": 70346,
    "total_comments": 8936,
    "total_shares": 4259
  },
  {
    "hashtag": "#SustainableLiving",
    "mention_count": 84,
    "avg_engagement": 613.6190476190476,
    "avg_reach": 13703.607142857143,
    "avg_sentiment": -0.05308571428571426,
    "total_likes": 40785,
    "total_comments": 7590,
    "total_shares": 3169
  },
  {
    "hashtag": "#FitnessGoals",
    "mention_count": 76,
    "avg_engagement": 1168.7631578947369,
    "avg_reach": 17424.17105263158,
    "avg_sentiment": 0.015721052631578955,
    "total_likes": 79382,
    "total_comments": 5581,
    "total_shares": 3863
  }
]