[
  {
    "hashtag": "#BookLovers",
    "mention_count": 110,
    "avg_engagement": 905.3545454545455,
    "avg_reach": 17821.772727272728,
    "avg_sentiment": -0.027547272727272733,
    "total_likes": 82983,
    "total_comments": 11381,
    "total_shares": 5225
  },
  {
    "hashtag": "#FoodieLife",
    "mention_count": 92,
    "avg_engagement": 2152.0978260869565,
    "avg_reach": 43403.36956521739,
    "avg_sentiment": 0.04072717391304348,
    "total_likes": 177189,
    "total_comments": 11414,
    "total_shares": 9390
  },
  {
    "hashtag": "#TechInnovation",
    "mention_count": 92,
    "avg_engagement": 344.2717391304348,
    "avg_reach": 7939.75,
    "avg_sentiment": -0.01102826086956522,
    "total_likes": 26538,
    "total_comments": 3263,
    "total_shares": 1872
  },
  {
    "hashtag": "#MentalHealth",
    "mention_count": 91,
    "avg_engagement": 2398.032967032967,
    "avg_reach": 46591.153846153844,
    "avg_sentiment": -0.0357824175824176,
    "total_likes": 189416,
    "total_comments": 16315,
    "total_shares": 12490
  },
  {
    "hashtag": "#SustainableLiving",
    "mention_count": 89,
    "avg_engagement": 634.9101123595506,
    "avg_reach": 13121.662921348314,
    "avg_sentiment": 0.043691011235955056,
    "total_likes": 45536,
    "total_comments": 7560,
    "total_shares": 3411
  },
  {
    "hashtag": "#FitnessGoals",
    "mention_count": 88,
    "avg_engagement": 1130.6704545454545,
    "avg_reach": 18471.784090909092,
    "avg_sentiment": -0.02439545454545454,
    "total_likes": 88670,
    "total_comments": 6445,
    "total_shares": 4384
  },
  {
    "hashtag": "#DigitalArt",
    "mention_count": 85,
    "avg_engagement": 4557.341176470588,
    "avg_reach": 74180.16470588236,
    "avg_sentiment": -0.03429764705882353,
    "total_likes": 347983,
    "total_comments": 22660,
    "total_shares": 16731
  },
  {
    "hashtag": "#Photography",
    "mention_count": 84,
    "avg_engagement": 2941.904761904762,
    "avg_reach": 64044.583333333336,
    "avg_sentiment": 0.06296666666666668,
    "total_likes": 215608,
    "total_comments": 18330,
    "total_shares": 13182
  },
  {
    "hashtag": "#StartupLife",
    "mention_count": 84,
    "avg_engagement": 769.3809523809524,
    "avg_reach": 23755.559523809523,
    "avg_sentiment": -0.004673809523809517,
    "total_likes": 48829,
    "total_comments": 8981,
    "total_shares": 6818
  },
  {
    "hashtag": "#TravelDiaries",
    "mention_count": 83,
    "avg_engagement": 2989.5542168674697,
    "avg_reach": 69887.14457831325,
    "avg_sentiment": -0.10783734939759036,
    "total_likes": 215466,
    "total_comments": 17887,
    "total_shares": 14780
  }
]